epoch,step,train_loss
49,49,467.9745788574219
99,99,467.0058288574219
149,149,466.680419921875
199,199,466.48956298828125
249,249,466.4705505371094
299,299,466.47119140625
